o_cell_id,o_cell_x,o_cell_y,d_cell_id,d_cell_x,d_cell_y,o_admi_cd,d_admi_cd,st_time_cd,fns_time_cd,in_forn_div_nm,move_trans,move_dist,move_time,male_00_cnt,male_10_cnt,male_15_cnt,male_20_cnt,male_25_cnt,male_30_cnt,male_35_cnt,male_40_cnt,male_45_cnt,male_50_cnt,male_55_cnt,male_60_cnt,male_65_cnt,male_70_cnt,male_75_cnt,male_80_cnt,male_85_cnt,feml_00_cnt,feml_10_cnt,feml_15_cnt,feml_20_cnt,feml_25_cnt,feml_30_cnt,feml_35_cnt,feml_40_cnt,feml_45_cnt,feml_50_cnt,feml_55_cnt,feml_60_cnt,feml_65_cnt,feml_70_cnt,feml_75_cnt,feml_80_cnt,feml_85_cnt,total_cnt,etl_ymd
다사60506925,960625,1969375,다사61257050,961375,1970625,41150561,41150567,01,01,내국인,8,1320,10,0.00,0.00,0.00,0.00,0.00,0.00,0.00,0.00,0.00,0.00,0.00,4.29,0.00,0.00,0.00,0.00,0.00,0.00,0.00,0.00,0.00,0.00,0.00,0.00,0.00,0.00,0.00,0.00,0.00,0.00,0.00,0.00,0.00,0.00,4.29,20250602
다사60504700,960625,1947125,다사57505025,957625,1950375,11680565,11200615,1700,1720,내국인,8,4493,24,0.00,0.00,0.00,0.00,0.00,0.00,0.00,0.00,3.06,0.00,0.00,0.00,0.00,0.00,0.00,0.00,0.00,0.00,0.00,0.00,0.00,0.00,0.00,0.00,0.00,0.00,0.00,0.00,0.00,0.00,0.00,0.00,0.00,0.00,3.06,20250602
다사60754950,960875,1949625,다사58504425,958625,1944375,11200690,11680640,1800,1840,내국인,6,5615,44,0.00,0.00,0.00,0.00,0.00,0.00,0.00,0.00,0.00,0.00,0.00,0.00,0.00,0.00,0.00,0.00,0.00,0.00,0.00,0.00,0.00,0.00,2.52,0.00,0.00,0.00,0.00,0.00,0.00,0.00,0.00,0.00,0.00,0.00,2.52,20250602
다사60756300,960875,1963125,다사60256475,960375,1964875,11350700,11320522,1740,1820,내국인,5,1820,33,0.00,0.00,0.00,0.00,0.00,0.00,0.00,0.00,0.00,0.00,3.77,0.00,0.00,0.00,0.00,0.00,0.00,0.00,0.00,0.00,0.00,0.00,0.00,0.00,0.00,0.00,0.00,0.00,0.00,0.00,0.00,0.00,0.00,0.00,3.77,20250602
다사60755200,960875,1952125,다사60254500,960375,1945125,11230610,11680630,06,0740,내국인,6,6980,61,0.00,0.00,0.00,0.00,0.00,0.00,0.00,0.00,0.00,0.00,0.00,0.00,0.00,0.00,0.00,0.00,0.00,0.00,0.00,0.00,0.00,0.00,0.00,3.34,0.00,0.00,0.00,0.00,0.00,0.00,0.00,0.00,0.00,0.00,3.34,20250602
다사60757975,960875,1979875,다사63005325,963125,1953375,41630540,11260570,0700,0820,내국인,6,26495,69,0.00,0.00,0.00,0.00,0.00,0.00,0.00,0.00,0.00,0.00,0.00,0.00,0.00,0.00,0.00,0.00,0.00,0.00,0.00,0.00,0.00,0.00,0.00,0.00,0.00,0.00,0.00,0.00,3.22,0.00,0.00,0.00,0.00,0.00,3.22,20250602
다사60256925,960375,1969375,다사59756900,959875,1969125,41150545,41150555,14,15,내국인,7,390,58,0.00,0.00,0.00,0.00,0.00,0.00,0.00,0.00,0.00,0.00,0.00,0.00,0.00,0.00,0.00,0.00,0.00,0.00,0.00,0.00,0.00,0.00,0.00,0.00,0.00,3.67,0.00,0.00,0.00,0.00,0.00,0.00,0.00,0.00,3.67,20250602
다사60501775,960625,1917875,다사61251550,961375,1915625,41117530,41590550,1740,1840,내국인,7,2423,43,0.00,0.00,0.00,0.00,2.55,0.00,0.00,0.00,0.00,0.00,0.00,0.00,0.00,0.00,0.00,0.00,0.00,0.00,0.00,0.00,0.00,0.00,0.00,0.00,0.00,0.00,0.00,0.00,0.00,0.00,0.00,0.00,0.00,0.00,2.55,20250602
다사60256425,960375,1964375,다사60256775,960375,1967875,11350630,41150561,1740,1740,내국인,8,3500,7,0.00,0.00,0.00,0.00,0.00,0.00,3.50,0.00,0.00,0.00,0.00,0.00,0.00,0.00,0.00,0.00,0.00,0.00,0.00,0.00,0.00,0.00,0.00,0.00,0.00,0.00,0.00,0.00,0.00,0.00,0.00,0.00,0.00,0.00,3.50,20250602
다사60501875,960625,1918875,다사59004325,959125,1943375,41117520,11680655,06,0700,내국인,6,24452,48,0.00,0.00,0.00,0.00,0.00,0.00,0.00,0.00,0.00,0.00,0.00,0.00,0.00,0.00,0.00,0.00,0.00,0.00,0.00,0.00,0.00,0.00,0.00,0.00,3.50,0.00,0.00,0.00,0.00,0.00,0.00,0.00,0.00,0.00,3.50,20250602
다사60501625,960625,1916375,다사65252225,965375,1922375,41117580,41463570,1940,23,내국인,6,7574,248,0.00,0.00,0.00,0.00,0.00,0.00,0.00,0.00,0.00,0.00,0.00,0.00,0.00,0.00,0.00,0.00,0.00,0.00,0.00,0.00,0.00,2.66,0.00,0.00,0.00,0.00,0.00,0.00,0.00,0.00,0.00,0.00,0.00,0.00,2.66,20250602
다사61004575,961125,1945875,다사72754925,972875,1949375,11680580,41450630,1800,1840,내국인,6,12208,49,0.00,0.00,0.00,0.00,0.00,0.00,0.00,0.00,0.00,0.00,0.00,0.00,0.00,0.00,0.00,0.00,0.00,0.00,0.00,0.00,0.00,0.00,0.00,2.89,0.00,0.00,0.00,0.00,0.00,0.00,0.00,0.00,0.00,0.00,2.89,20250602
다사60504875,960625,1948875,다사60754950,960875,1949625,11200670,11200690,16,1700,내국인,7,667,61,0.00,0.00,0.00,0.00,0.00,0.00,0.00,0.00,0.00,0.00,0.00,0.00,0.00,0.00,0.00,0.00,0.00,0.00,0.00,0.00,0.00,0.00,0.00,0.00,0.00,0.00,3.50,0.00,0.00,0.00,1.67,0.00,0.00,0.00,5.17,20250602
다사60751625,960875,1916375,다사62251600,962375,1916125,41117580,41463550,1920,1920,내국인,5,1513,4,0.00,0.00,0.00,0.00,0.00,0.00,0.00,0.00,0.00,0.00,0.00,1.79,0.00,0.00,0.00,0.00,0.00,0.00,0.00,0.00,0.00,0.00,0.00,0.00,0.00,0.00,0.00,0.00,0.00,0.00,0.00,0.00,0.00,0.00,1.79,20250602
다사60506175,960625,1961875,다사65504175,965625,1941875,11320514,11680700,1720,22,내국인,8,20616,293,0.00,0.00,0.00,0.00,0.00,0.00,0.00,0.00,0.00,0.00,0.00,0.00,3.50,0.00,0.00,0.00,0.00,0.00,0.00,0.00,0.00,0.00,0.00,0.00,0.00,0.00,0.00,0.00,0.00,0.00,0.00,0.00,0.00,0.00,3.50,20250602
다사60504025,960625,1940375,다사66504425,966625,1944375,11650660,11710620,16,16,내국인,8,7086,26,0.00,0.00,0.00,0.00,0.00,0.00,0.00,0.00,0.00,0.00,0.00,0.00,0.00,0.00,0.00,0.00,0.00,0.00,0.00,0.00,0.00,0.00,0.00,0.00,0.00,2.23,0.00,0.00,0.00,0.00,0.00,0.00,0.00,0.00,2.23,20250602
다사60254650,960375,1946625,다사61505200,961625,1952125,11680580,11230650,00,05,내국인,8,5602,262,0.00,0.00,0.00,0.00,0.00,0.00,0.00,0.00,0.00,0.00,0.00,0.00,4.31,0.00,0.00,0.00,0.00,0.00,0.00,0.00,0.00,0.00,0.00,0.00,0.00,0.00,0.00,0.00,0.00,0.00,0.00,0.00,0.00,0.00,4.31,20250602
다사60501625,960625,1916375,다사63752550,963875,1925625,41117580,41465510,22,23,내국인,9,9632,58,0.00,0.00,0.00,0.00,0.00,2.25,0.00,0.00,0.00,0.00,0.00,0.00,0.00,0.00,0.00,0.00,0.00,0.00,0.00,0.00,0.00,0.00,0.00,0.00,0.00,0.00,0.00,0.00,0.00,0.00,0.00,0.00,0.00,0.00,2.25,20250602
다사60754375,960875,1943875,다사62254275,962375,1942875,11680600,11680670,16,16,내국인,7,1744,36,0.00,0.00,0.00,0.00,0.00,0.00,0.00,0.00,0.00,0.00,0.00,0.00,0.00,0.00,0.00,0.00,0.00,0.00,4.50,0.00,0.00,0.00,0.00,0.00,0.00,0.00,0.00,0.00,0.00,0.00,0.00,0.00,0.00,0.00,4.50,20250602
다사60757125,960875,1971375,다사60757125,960875,1971375,41150568,41150568,0740,0820,내국인,5,0,36,0.00,0.00,0.00,0.00,0.00,0.00,0.00,0.00,0.00,0.00,3.68,0.00,0.00,0.00,0.00,0.00,0.00,0.00,0.00,0.00,0.00,0.00,0.00,0.00,0.00,0.00,0.00,0.00,0.00,0.00,0.00,0.00,0.00,0.00,3.68,20250602
다사60754550,960875,1945625,다사42754225,942875,1942375,11680580,41210540,1840,1940,내국인,6,18305,60,0.00,0.00,0.00,0.00,0.00,0.00,0.00,0.00,0.00,0.00,0.00,0.00,0.00,0.00,0.00,0.00,0.00,0.00,0.00,0.00,0.00,0.00,2.99,0.00,0.00,0.00,0.00,0.00,0.00,0.00,0.00,0.00,0.00,0.00,2.99,20250602
다사60507200,960625,1972125,다사59007300,959125,1973125,41150580,41150620,14,15,내국인,5,1817,25,0.00,0.00,0.00,0.00,3.43,0.00,0.00,0.00,0.00,0.00,0.00,0.00,0.00,0.00,0.00,0.00,0.00,0.00,0.00,0.00,0.00,0.00,0.00,0.00,0.00,0.00,0.00,0.00,0.00,0.00,0.00,0.00,0.00,0.00,3.43,20250602
다사60257150,960375,1971625,다사60007150,960125,1971625,41150510,41150510,16,16,내국인,7,250,2,0.00,0.00,0.00,0.00,0.00,0.00,0.00,0.00,0.00,0.00,0.00,2.37,0.00,0.00,0.00,0.00,0.00,0.00,0.00,0.00,0.00,0.00,0.00,0.00,0.00,0.00,0.00,0.00,0.00,0.00,0.00,0.00,0.00,0.00,2.37,20250602
다사60506250,960625,1962625,다사59757175,959875,1971875,11350700,41150510,0700,0720,내국인,8,9230,32,0.00,0.00,0.00,0.00,0.00,0.00,0.00,0.00,0.00,0.00,0.00,0.00,0.00,0.00,0.00,0.00,0.00,0.00,0.00,0.00,0.00,0.00,0.00,0.00,0.00,0.00,0.00,3.12,0.00,0.00,0.00,0.00,0.00,0.00,3.12,20250602
다사60256350,960375,1963625,다사61506300,961625,1963125,11350630,11350710,06,0720,내국인,7,1208,34,0.00,0.00,4.12,0.00,0.00,0.00,0.00,0.00,0.00,0.00,0.00,0.00,0.00,0.00,0.00,0.00,0.00,0.00,0.00,0.00,0.00,0.00,0.00,0.00,0.00,0.00,0.00,0.00,0.00,0.00,0.00,0.00,0.00,0.00,4.12,20250602
다사60506375,960625,1963875,다사59756125,959875,1961375,11350630,11320511,0700,0740,내국인,9,2644,30,0.00,0.00,0.00,0.00,0.00,0.00,0.00,0.00,0.00,0.00,0.00,0.00,0.00,0.00,0.00,0.00,0.00,0.00,0.00,0.00,0.00,0.00,0.00,0.00,0.00,0.00,3.25,0.00,0.00,0.00,0.00,0.00,0.00,0.00,3.25,20250602
다사60754600,960875,1946125,다사56254325,956375,1943375,11680580,11650530,13,13,내국인,8,5240,4,0.00,0.00,0.00,0.00,0.00,0.00,0.00,0.00,0.00,0.00,0.00,0.00,0.00,0.00,0.00,0.00,0.00,0.00,0.00,0.00,0.00,0.00,0.00,0.00,0.00,0.00,2.55,0.00,0.00,0.00,0.00,0.00,0.00,0.00,2.55,20250602
다사60755700,960875,1957125,다사52505125,952625,1951375,11290780,11410565,14,15,내국인,6,10166,46,0.00,0.00,0.00,0.00,0.00,0.00,0.00,0.00,0.00,0.00,0.00,0.00,0.00,0.00,0.00,0.00,0.00,0.00,0.00,0.00,0.00,2.96,0.00,0.00,0.00,0.00,0.00,0.00,0.00,0.00,0.00,0.00,0.00,0.00,2.96,20250602
다사60256225,960375,1962375,다사58506025,958625,1960375,11320514,11305595,11,12,내국인,6,2624,77,0.00,0.00,0.00,0.00,0.00,0.00,0.00,0.00,0.00,0.00,0.00,0.00,0.00,0.00,0.00,0.00,0.00,0.00,0.00,0.00,0.00,0.00,0.00,0.00,0.00,0.00,0.00,0.00,0.00,0.00,0.00,3.75,0.00,0.00,3.75,20250602
다사60755550,960875,1955625,다사67003700,967125,1937125,11230740,41133510,16,1800,내국인,6,19543,86,0.00,0.00,0.00,0.00,0.00,0.00,0.00,0.00,0.00,0.00,0.00,0.00,0.00,0.00,0.00,0.00,0.00,0.00,0.00,0.00,3.32,0.00,0.00,0.00,0.00,0.00,0.00,0.00,0.00,0.00,0.00,0.00,0.00,0.00,3.32,20250602
다사60756425,960875,1964375,다사60756425,960875,1964375,11350630,11350630,1940,20,내국인,5,0,50,0.00,0.00,0.00,0.00,0.00,0.00,0.00,0.00,0.00,0.00,0.00,0.00,0.00,0.00,0.00,0.00,0.00,0.00,0.00,0.00,0.00,0.00,0.00,0.00,0.00,0.00,0.00,2.90,0.00,0.00,0.00,0.00,0.00,0.00,2.90,20250602
다사60504950,960625,1949625,다사60504875,960625,1948875,11200690,11200670,1800,1800,내국인,7,701,11,0.00,0.00,0.00,0.00,0.00,0.00,3.07,0.00,0.00,0.00,0.00,0.00,0.00,0.00,0.00,0.00,0.00,0.00,0.00,0.00,0.00,0.00,0.00,0.00,0.00,0.00,0.00,0.00,0.00,0.00,0.00,0.00,0.00,0.00,3.07,20250602
다사60753975,960875,1939875,다사61755000,961875,1950125,11650660,11200720,14,15,내국인,8,10231,32,0.00,0.00,0.00,0.00,2.34,0.00,0.00,0.00,0.00,0.00,0.00,0.00,0.00,0.00,0.00,0.00,0.00,0.00,0.00,0.00,0.00,0.00,0.00,0.00,0.00,0.00,0.00,0.00,0.00,0.00,0.00,0.00,0.00,0.00,2.34,20250602
다사60255150,960375,1951625,다사59005275,959125,1952875,11200790,11230536,14,14,내국인,8,1732,14,0.00,0.00,0.00,0.00,0.00,0.00,0.00,0.00,0.00,0.00,0.00,0.00,3.11,0.00,0.00,0.00,0.00,0.00,0.00,0.00,0.00,0.00,0.00,0.00,0.00,0.00,0.00,0.00,0.00,0.00,0.00,0.00,0.00,0.00,3.11,20250602
다사60505500,960625,1955125,다사58505775,958625,1957875,11230710,11305545,21,21,내국인,8,3314,22,0.00,0.00,0.00,0.00,0.00,0.00,0.00,0.00,0.00,0.00,0.00,0.00,0.00,0.00,0.00,0.00,0.00,0.00,0.00,0.00,0.00,0.00,0.00,2.83,0.00,0.00,0.00,0.00,0.00,0.00,0.00,0.00,0.00,0.00,2.83,20250602
다사60755425,960875,1954375,다사59755350,959875,1953625,11230730,11230560,1800,1820,내국인,7,1237,15,0.00,0.00,0.00,0.00,0.00,0.00,0.00,0.00,0.00,0.00,0.00,3.49,0.00,0.00,0.00,0.00,0.00,0.00,0.00,0.00,0.00,0.00,0.00,0.00,0.00,0.00,0.00,0.00,0.00,0.00,0.00,0.00,0.00,0.00,3.49,20250602
다사60755700,960875,1957125,다사60255700,960375,1957125,11290770,11290770,02,02,내국인,7,522,1,0.00,0.00,0.00,0.00,0.00,0.00,0.00,0.00,0.00,0.00,0.00,0.00,0.00,0.00,3.12,0.00,0.00,0.00,0.00,0.00,0.00,0.00,0.00,0.00,0.00,0.00,0.00,0.00,0.00,0.00,0.00,0.00,0.00,0.00,3.12,20250602
다사61001925,961125,1919375,다사61001925,961125,1919375,41117550,41117550,13,14,내국인,8,25,10,0.00,0.00,0.00,0.00,0.00,0.00,0.00,0.00,0.00,0.00,0.00,0.00,0.00,0.00,0.00,0.00,0.00,4.50,0.00,0.00,0.00,0.00,2.20,0.00,0.00,0.00,0.00,0.00,0.00,0.00,0.00,0.00,0.00,0.00,6.70,20250602
다사60752750,960875,1927625,다사66503175,966625,1931875,41465560,41135580,13,13,내국인,8,7091,26,0.00,0.00,0.00,0.00,0.00,0.00,0.00,0.00,0.00,0.00,0.00,0.00,0.00,0.00,0.00,0.00,0.00,0.00,0.00,0.00,0.00,0.00,0.00,0.00,0.00,0.00,0.00,0.00,3.02,0.00,0.00,0.00,0.00,0.00,3.02,20250602
다사60504525,960625,1945375,다사57504625,957625,1946375,11680590,11680521,13,15,내국인,6,3132,66,0.00,0.00,0.00,0.00,0.00,0.00,3.33,0.00,0.00,0.00,0.00,0.00,0.00,0.00,0.00,0.00,0.00,0.00,0.00,0.00,0.00,0.00,0.00,0.00,0.00,0.00,0.00,0.00,0.00,0.00,0.00,0.00,0.00,0.00,3.33,20250602
다사60502050,960625,1920625,다사60251925,960375,1919375,41117550,41117520,13,13,내국인,8,1202,24,0.00,0.00,0.00,0.00,0.00,0.00,0.00,0.00,0.00,0.00,0.00,0.00,0.00,0.00,0.00,0.00,0.00,0.00,0.00,0.00,0.00,0.00,0.00,0.00,0.00,3.22,0.00,0.00,0.00,0.00,0.00,0.00,0.00,0.00,3.22,20250602
다사60255875,960375,1958875,다사58505275,958625,1952875,11350570,11230536,0720,0800,내국인,5,6308,47,0.00,0.00,0.00,0.00,0.00,0.00,0.00,0.00,3.86,0.00,0.00,0.00,0.00,0.00,0.00,0.00,0.00,0.00,0.00,0.00,0.00,0.00,0.00,0.00,0.00,0.00,0.00,0.00,0.00,0.00,0.00,0.00,0.00,0.00,3.86,20250602
다사60255650,960375,1956625,다사60255650,960375,1956625,11290810,11290810,12,13,내국인,7,0,4,0.00,0.00,0.00,0.00,0.00,0.00,0.00,0.00,0.00,0.00,0.00,0.00,0.00,0.00,0.00,0.00,0.00,0.00,0.00,0.00,0.00,2.87,0.00,0.00,0.00,0.00,0.00,0.00,0.00,0.00,0.00,0.00,0.00,0.00,2.87,20250602
다사60255025,960375,1950375,다사67754425,967875,1944375,11200660,11710570,1800,1840,내국인,6,9573,51,0.00,0.00,0.00,0.00,0.00,0.00,0.00,0.00,0.00,0.00,0.00,0.00,0.00,2.96,0.00,0.00,0.00,0.00,0.00,0.00,0.00,0.00,0.00,0.00,0.00,0.00,0.00,0.00,0.00,0.00,0.00,0.00,0.00,0.00,2.96,20250602
다사60505775,960625,1957875,다사60505750,960625,1957625,11350560,11290780,11,12,내국인,7,403,65,0.00,0.00,0.00,0.00,0.00,0.00,4.24,0.00,0.00,0.00,0.00,0.00,0.00,0.00,0.00,0.00,0.00,0.00,0.00,0.00,0.00,0.00,0.00,0.00,0.00,0.00,0.00,0.00,0.00,0.00,0.00,0.00,0.00,0.00,4.24,20250602
다사61004200,961125,1942125,다사50003250,950125,1932625,11680660,41171570,0720,0840,내국인,8,14632,78,0.00,0.00,0.00,0.00,0.00,2.35,0.00,0.00,0.00,0.00,0.00,0.00,0.00,0.00,0.00,0.00,0.00,0.00,0.00,0.00,0.00,0.00,0.00,0.00,0.00,0.00,0.00,0.00,0.00,0.00,0.00,0.00,0.00,0.00,2.35,20250602
다사60754850,960875,1948625,다사60754850,960875,1948625,11200670,11200670,10,10,내국인,7,25,20,0.00,0.00,0.00,0.00,0.00,0.00,0.00,0.00,0.00,0.00,0.00,0.00,0.00,0.00,0.00,0.00,0.00,0.00,0.00,0.00,0.00,0.00,0.00,0.00,3.66,2.59,0.00,0.00,0.00,0.00,0.00,0.00,0.00,0.00,6.25,20250602
다사60754550,960875,1945625,다사63504825,963625,1948375,11680580,11215830,1720,1740,내국인,6,3818,22,0.00,0.00,0.00,0.00,0.00,0.00,0.00,0.00,0.00,0.00,0.00,0.00,0.00,0.00,0.00,0.00,0.00,0.00,0.00,0.00,0.00,0.00,3.50,0.00,0.00,0.00,0.00,0.00,0.00,0.00,0.00,0.00,0.00,0.00,3.50,20250602
다사60752700,960875,1927125,다사65252800,965375,1928125,41465560,41135662,1900,1920,내국인,6,4718,37,0.00,0.00,0.00,0.00,0.00,0.00,0.00,0.00,0.00,0.00,0.00,0.00,0.00,0.00,0.00,0.00,0.00,0.00,0.00,0.00,0.00,0.00,2.11,0.00,0.00,0.00,0.00,0.00,0.00,0.00,0.00,0.00,0.00,0.00,2.11,20250602
다사60505725,960625,1957375,다사60505675,960625,1956875,11290770,11290770,11,12,내국인,8,474,8,0.00,0.00,0.00,0.00,0.00,0.00,0.00,0.00,0.00,2.50,0.00,0.00,0.00,0.00,0.00,0.00,0.00,0.00,0.00,0.00,0.00,0.00,0.00,0.00,0.00,0.00,0.00,0.00,0.00,0.00,0.00,0.00,0.00,0.00,2.50,20250602
다사61004450,961125,1944625,다사67254300,967375,1943125,11680610,11710646,1740,23,내국인,5,6596,340,0.00,0.00,0.00,4.18,0.00,0.00,0.00,0.00,0.00,0.00,0.00,0.00,0.00,0.00,0.00,0.00,0.00,0.00,0.00,0.00,0.00,0.00,0.00,0.00,0.00,0.00,0.00,0.00,0.00,0.00,0.00,0.00,0.00,0.00,4.18,20250602
다사60258800,960375,1988125,다사60258800,960375,1988125,41250566,41250566,1820,21,내국인,8,0,175,0.00,0.00,0.00,0.00,0.00,0.00,3.58,0.00,0.00,0.00,0.00,0.00,0.00,0.00,0.00,0.00,0.00,0.00,0.00,0.00,0.00,0.00,0.00,0.00,0.00,0.00,0.00,0.00,0.00,0.00,0.00,0.00,0.00,0.00,3.58,20250602
다사60504200,960625,1942125,다사59504300,959625,1943125,11680690,11680655,11,11,내국인,7,1312,22,0.00,0.00,0.00,0.00,0.00,0.00,0.00,0.00,0.00,0.00,0.00,0.00,0.00,0.00,0.00,0.00,0.00,0.00,0.00,0.00,0.00,0.00,0.00,0.00,0.00,0.00,3.05,0.00,0.00,0.00,0.00,0.00,0.00,0.00,3.05,20250602
다사60504400,960625,1944125,다사30753000,930875,1930125,11680600,41390597,14,16,내국인,8,33055,97,0.00,0.00,0.00,0.00,0.00,0.00,0.00,0.00,0.00,0.00,0.00,0.00,0.00,3.86,0.00,0.00,0.00,0.00,0.00,0.00,0.00,0.00,0.00,0.00,0.00,0.00,0.00,0.00,0.00,0.00,0.00,0.00,0.00,0.00,3.86,20250602
다사60504525,960625,1945375,다사60504950,960625,1949625,11680630,11200690,15,16,내국인,6,4400,39,0.00,0.00,0.00,0.00,0.00,0.00,0.00,0.00,0.00,0.00,0.00,0.00,0.00,0.00,0.00,0.00,0.00,0.00,0.00,0.00,0.00,0.00,0.00,0.00,0.00,0.00,0.00,2.70,0.00,0.00,0.00,0.00,0.00,0.00,2.70,20250602
다사60505175,960625,1951875,다사61506025,961625,1960375,11230600,11350625,1800,1840,내국인,6,8514,55,0.00,0.00,0.00,0.00,0.00,0.00,0.00,0.00,0.00,0.00,0.00,0.00,0.00,0.00,0.00,0.00,0.00,0.00,0.00,0.00,0.00,0.00,0.00,0.00,0.00,0.00,0.00,0.00,0.00,4.05,0.00,0.00,0.00,0.00,4.05,20250602
다사60755775,960875,1957875,다사58505750,958625,1957625,11350560,11305545,0940,10,내국인,5,2375,9,0.00,0.00,0.00,0.00,0.00,2.96,0.00,0.00,0.00,0.00,0.00,0.00,0.00,0.00,0.00,0.00,0.00,0.00,0.00,0.00,0.00,0.00,0.00,0.00,0.00,0.00,0.00,0.00,0.00,0.00,0.00,0.00,0.00,0.00,2.96,20250602
다사61001300,961125,1913125,다사61751675,961875,1916875,41590587,41117585,11,12,내국인,9,3775,25,0.00,0.00,0.00,0.00,0.00,0.00,0.00,0.00,0.00,0.00,0.00,0.00,0.00,0.00,0.00,0.00,0.00,0.00,0.00,0.00,0.00,0.00,0.00,0.00,0.00,0.00,0.00,2.76,0.00,0.00,0.00,0.00,0.00,0.00,2.76,20250602
다사60754900,960875,1949125,다사58005250,958125,1952625,11200670,11230536,16,1720,내국인,9,4501,41,0.00,0.00,0.00,0.00,0.00,0.00,0.00,0.00,0.00,0.00,0.00,0.00,0.00,0.00,0.00,0.00,0.00,0.00,0.00,0.00,0.00,0.00,2.41,0.00,0.00,0.00,0.00,0.00,0.00,0.00,0.00,0.00,0.00,0.00,2.41,20250602
다사61001950,961125,1919625,다사60751900,960875,1919125,41117550,41117550,00,10,내국인,7,570,590,0.00,0.00,0.00,0.00,0.00,0.00,0.00,0.00,0.00,0.00,0.00,0.00,0.00,0.00,0.00,0.00,0.00,0.00,0.00,0.00,0.00,0.00,0.00,0.00,0.00,0.00,3.27,0.00,0.00,0.00,0.00,0.00,0.00,0.00,3.27,20250602
다사60507050,960625,1970625,다사58257175,958375,1971875,41150510,41150615,11,12,내국인,9,2641,24,0.00,0.00,0.00,0.00,2.22,0.00,0.00,0.00,0.00,0.00,0.00,0.00,0.00,0.00,0.00,0.00,0.00,0.00,0.00,0.00,0.00,0.00,0.00,0.00,0.00,0.00,0.00,0.00,0.00,0.00,0.00,0.00,0.00,0.00,2.22,20250602
다사60506400,960625,1964125,다사60756325,960875,1963375,11350630,11350700,0940,0940,내국인,7,632,14,0.00,0.00,0.00,0.00,0.00,0.00,0.00,0.00,0.00,0.00,0.00,0.00,0.00,0.00,0.00,0.00,0.00,0.00,0.00,0.00,0.00,0.00,0.00,0.00,0.00,0.00,0.00,2.90,0.00,0.00,0.00,0.00,0.00,0.00,2.90,20250602
다사61002125,961125,1921375,다사59752200,959875,1922125,41117610,41117600,16,16,내국인,5,1565,12,0.00,0.00,3.92,0.00,0.00,0.00,0.00,0.00,0.00,0.00,0.00,0.00,0.00,0.00,0.00,0.00,0.00,0.00,0.00,0.00,0.00,0.00,0.00,0.00,0.00,0.00,0.00,0.00,0.00,0.00,0.00,0.00,0.00,0.00,3.92,20250602
다사60257025,960375,1970375,다사60006400,960125,1964125,41150510,11320522,0900,0940,내국인,5,6365,51,0.00,0.00,0.00,0.00,0.00,0.00,0.00,0.00,0.00,0.00,0.00,0.00,0.00,0.00,0.00,0.00,0.00,0.00,0.00,0.00,0.00,0.00,0.00,0.00,0.00,0.00,0.00,0.00,0.00,0.00,2.40,0.00,0.00,0.00,2.40,20250602
다사60505150,960625,1951625,다사64005625,964125,1956375,11200790,11260690,0720,0740,내국인,8,6010,26,0.00,0.00,0.00,0.00,2.72,0.00,0.00,0.00,0.00,0.00,0.00,0.00,0.00,0.00,0.00,0.00,0.00,0.00,0.00,0.00,0.00,0.00,0.00,0.00,0.00,0.00,0.00,0.00,0.00,0.00,0.00,0.00,0.00,0.00,2.72,20250602
다사60259000,960375,1990125,다사60758950,960875,1989625,41250600,41250535,1800,20,내국인,8,721,119,0.00,0.00,0.00,0.00,0.00,0.00,0.00,0.00,0.00,0.00,0.00,0.00,3.23,0.00,0.00,0.00,0.00,0.00,0.00,0.00,0.00,0.00,0.00,0.00,0.00,0.00,0.00,0.00,0.00,0.00,0.00,0.00,0.00,0.00,3.23,20250602
다사60755200,960875,1952125,다사68005050,968125,1950625,11230600,11740590,0840,0940,내국인,9,7513,51,0.00,0.00,0.00,0.00,0.00,0.00,0.00,0.00,0.00,0.00,0.00,0.00,0.00,0.00,0.00,0.00,0.00,0.00,0.00,0.00,0.00,0.00,0.00,3.36,0.00,0.00,0.00,0.00,0.00,0.00,0.00,0.00,0.00,0.00,3.36,20250602
다사60256425,960375,1964375,다사35754775,935875,1947875,11350630,41196560,06,06,내국인,8,29648,43,0.00,0.00,0.00,0.00,0.00,0.00,0.00,0.00,2.97,0.00,0.00,0.00,0.00,0.00,0.00,0.00,0.00,0.00,0.00,0.00,0.00,0.00,0.00,0.00,0.00,0.00,0.00,0.00,0.00,0.00,0.00,0.00,0.00,0.00,2.97,20250602
다사60506275,960625,1962875,다사59756050,959875,1960625,11350700,11320511,06,06,내국인,9,2356,23,0.00,0.00,0.00,0.00,0.00,0.00,0.00,0.00,0.00,0.00,0.00,0.00,0.00,0.00,0.00,0.00,0.00,0.00,0.00,0.00,0.00,0.00,0.00,0.00,0.00,0.00,0.00,0.00,0.00,0.00,3.15,0.00,0.00,0.00,3.15,20250602
다사60754925,960875,1949375,다사32004550,932125,1945625,11200670,28237648,16,1800,내국인,6,28776,99,0.00,0.00,0.00,0.00,0.00,0.00,0.00,0.00,0.00,4.31,0.00,0.00,0.00,0.00,0.00,0.00,0.00,0.00,0.00,0.00,0.00,0.00,0.00,0.00,0.00,0.00,0.00,0.00,0.00,0.00,0.00,0.00,0.00,0.00,4.31,20250602
다사60751425,960875,1914375,다사58501275,958625,1912875,41590550,41590520,11,11,내국인,8,2718,10,0.00,0.00,0.00,0.00,0.00,0.00,1.68,0.00,0.00,0.00,0.00,0.00,0.00,0.00,0.00,0.00,0.00,0.00,0.00,0.00,0.00,0.00,0.00,0.00,0.00,0.00,0.00,0.00,0.00,0.00,0.00,0.00,0.00,0.00,1.68,20250602
다사60259000,960375,1990125,다사59007150,959125,1971625,41250600,41150615,20,21,내국인,8,18635,83,0.00,0.00,0.00,0.00,0.00,0.00,0.00,0.00,0.00,0.00,0.00,0.00,3.39,0.00,0.00,0.00,0.00,0.00,0.00,0.00,0.00,0.00,0.00,0.00,0.00,0.00,0.00,0.00,0.00,0.00,0.00,0.00,0.00,0.00,3.39,20250602
다사60508800,960625,1988125,다사61755000,961875,1950125,41250566,11200720,1940,23,내국인,6,37918,183,0.00,0.00,0.00,0.00,0.00,0.00,0.00,0.00,0.00,0.00,0.00,0.00,0.00,0.00,0.00,0.00,0.00,0.00,0.00,0.00,2.19,0.00,0.00,0.00,0.00,0.00,0.00,0.00,0.00,0.00,0.00,0.00,0.00,0.00,2.19,20250602
다사60504525,960625,1945375,다사60754525,960875,1945375,11680590,11680580,12,12,내국인,7,250,4,0.00,0.00,0.00,0.00,0.00,0.00,0.00,0.00,0.00,3.19,0.00,0.00,0.00,0.00,0.00,0.00,0.00,0.00,0.00,0.00,0.00,0.00,0.00,0.00,0.00,0.00,0.00,0.00,0.00,0.00,0.00,0.00,0.00,0.00,3.19,20250602
다사60754500,960875,1945125,다사61254500,961375,1945125,11680610,11680610,14,15,내국인,7,380,19,0.00,0.00,3.84,0.00,0.00,0.00,0.00,0.00,0.00,0.00,0.00,0.00,0.00,0.00,0.00,0.00,0.00,0.00,0.00,0.00,0.00,0.00,0.00,0.00,0.00,0.00,0.00,0.00,0.00,0.00,0.00,0.00,0.00,0.00,3.84,20250602
다사61004225,961125,1942375,다사66504825,966625,1948375,11680660,11740650,0740,0840,내국인,9,8035,70,0.00,0.00,0.00,0.00,0.00,0.00,2.27,0.00,0.00,0.00,0.00,0.00,0.00,0.00,0.00,0.00,0.00,0.00,0.00,0.00,0.00,0.00,0.00,0.00,0.00,0.00,0.00,0.00,0.00,0.00,0.00,0.00,0.00,0.00,2.27,20250602
다사60504500,960625,1945125,다사63001550,963125,1915625,11680630,41463517,0700,0840,내국인,8,29447,85,0.00,0.00,0.00,3.43,0.00,0.00,0.00,0.00,0.00,0.00,0.00,0.00,0.00,0.00,0.00,0.00,0.00,0.00,0.00,0.00,0.00,0.00,0.00,0.00,0.00,0.00,0.00,0.00,0.00,0.00,0.00,0.00,0.00,0.00,3.43,20250602
다사60750825,960875,1908375,다사62000600,962125,1906125,41370543,41370510,1700,1720,내국인,8,2565,23,0.00,0.00,0.00,0.00,0.00,0.00,0.00,0.00,0.00,0.00,3.32,0.00,0.00,0.00,0.00,0.00,0.00,0.00,0.00,0.00,0.00,0.00,0.00,0.00,0.00,0.00,0.00,0.00,0.00,0.00,0.00,0.00,0.00,0.00,3.32,20250602
다사60501625,960625,1916375,다사63000775,963125,1907875,41117596,41590600,06,06,내국인,8,8808,21,0.00,0.00,0.00,0.00,0.00,0.00,3.18,0.00,0.00,0.00,0.00,0.00,0.00,0.00,0.00,0.00,0.00,0.00,0.00,0.00,0.00,0.00,0.00,0.00,0.00,0.00,0.00,0.00,0.00,0.00,0.00,0.00,0.00,0.00,3.18,20250602
다사60751825,960875,1918375,다사61001800,961125,1918125,41117540,41117550,0800,0820,내국인,7,460,14,0.00,0.00,0.00,0.00,0.00,0.00,3.33,0.00,0.00,0.00,0.00,0.00,0.00,0.00,0.00,0.00,0.00,0.00,0.00,0.00,0.00,0.00,0.00,0.00,0.00,0.00,0.00,0.00,0.00,0.00,0.00,0.00,0.00,0.00,3.33,20250602
다사61001375,961125,1913875,다사58751200,958875,1912125,41590550,41590530,1740,1800,내국인,4,2960,21,0.00,0.00,0.00,0.00,3.15,0.00,0.00,0.00,0.00,0.00,0.00,0.00,0.00,0.00,0.00,0.00,0.00,0.00,0.00,0.00,0.00,0.00,0.00,0.00,0.00,0.00,0.00,0.00,0.00,0.00,0.00,0.00,0.00,0.00,3.15,20250602
다사61002550,961125,1925625,다사56502075,956625,1920875,41465530,41115740,10,11,내국인,8,6585,23,0.00,0.00,0.00,0.00,0.00,0.00,0.00,0.00,0.00,0.00,0.00,0.00,0.00,0.00,0.00,0.00,0.00,0.00,0.00,0.00,0.00,0.00,0.00,0.00,0.00,0.00,3.18,0.00,0.00,0.00,0.00,0.00,0.00,0.00,3.18,20250602
다사60507100,960625,1971125,다사59005850,959125,1958625,41150510,11305603,12,13,내국인,5,12622,52,0.00,0.00,0.00,0.00,0.00,0.00,0.00,0.00,0.00,0.00,0.00,0.00,0.00,0.00,0.00,0.00,0.00,0.00,0.00,0.00,0.00,0.00,0.00,0.00,0.00,0.00,0.00,2.79,0.00,0.00,0.00,0.00,0.00,0.00,2.79,20250602
다사60754675,960875,1946875,다사58254750,958375,1947625,11680580,11680545,0840,0900,내국인,9,2548,22,0.00,0.00,0.00,0.00,0.00,0.00,0.00,1.82,0.00,0.00,0.00,0.00,0.00,0.00,0.00,0.00,0.00,0.00,0.00,0.00,0.00,0.00,0.00,0.00,0.00,0.00,0.00,0.00,0.00,0.00,0.00,0.00,0.00,0.00,1.82,20250602
다사60505225,960625,1952375,다사61005175,961125,1951875,11230600,11230610,1840,1840,내국인,9,710,9,0.00,0.00,0.00,0.00,0.00,0.00,0.00,0.00,0.00,0.00,0.00,0.00,0.00,0.00,0.00,0.00,0.00,0.00,0.00,0.00,0.00,0.00,0.00,3.39,0.00,0.00,0.00,0.00,0.00,0.00,0.00,0.00,0.00,0.00,3.39,20250602
다사61004525,961125,1945375,다사60754525,960875,1945375,11680610,11680610,21,21,내국인,7,206,3,0.00,0.00,0.00,0.00,0.00,0.00,0.00,0.00,3.02,0.00,0.00,0.00,0.00,0.00,0.00,0.00,0.00,0.00,0.00,0.00,3.50,0.00,0.00,0.00,0.00,0.00,0.00,0.00,0.00,0.00,0.00,0.00,0.00,0.00,6.52,20250602
다사60505475,960625,1954875,다사49255025,949375,1950375,11230710,11440655,12,14,내국인,6,12070,115,0.00,0.00,0.00,0.00,0.00,0.00,0.00,0.00,0.00,0.00,0.00,0.00,0.00,0.00,0.00,0.00,0.00,0.00,0.00,2.70,0.00,0.00,0.00,0.00,0.00,0.00,0.00,0.00,0.00,0.00,0.00,0.00,0.00,0.00,2.70,20250602
다사60505675,960625,1956875,다사46505300,946625,1953125,11290770,11440740,1800,1840,내국인,6,14326,46,0.00,0.00,0.00,0.00,0.00,0.00,0.00,0.00,0.00,0.00,0.00,0.00,0.00,0.00,0.00,0.00,0.00,0.00,0.00,0.00,0.00,0.00,0.00,2.34,0.00,0.00,0.00,0.00,0.00,0.00,0.00,0.00,0.00,0.00,2.34,20250602
다사60505500,960625,1955125,다사64758025,964875,1980375,11230710,41630570,1800,1920,내국인,8,25572,82,0.00,0.00,0.00,0.00,0.00,0.00,0.00,0.00,0.00,0.00,0.00,0.00,0.00,0.00,0.00,0.00,0.00,0.00,0.00,0.00,0.00,0.00,0.00,0.00,3.31,0.00,0.00,0.00,0.00,0.00,0.00,0.00,0.00,0.00,3.31,20250602
다사60754450,960875,1944625,다사52253425,952375,1934375,11680630,41173552,1700,1900,내국인,8,13418,134,0.00,0.00,0.00,0.00,0.00,0.00,0.00,0.00,0.00,0.00,0.00,0.00,0.00,0.00,0.00,0.00,0.00,0.00,0.00,0.00,0.00,0.00,0.00,0.00,0.00,0.00,0.00,0.00,0.00,0.00,0.00,4.16,0.00,0.00,4.16,20250602
다사61001225,961125,1912375,다사65000650,965125,1906625,41590585,41590620,21,23,내국인,8,6934,87,0.00,0.00,0.00,0.00,3.50,0.00,0.00,0.00,0.00,0.00,0.00,0.00,0.00,0.00,0.00,0.00,0.00,0.00,0.00,0.00,0.00,0.00,0.00,0.00,0.00,0.00,0.00,0.00,0.00,0.00,0.00,0.00,0.00,0.00,3.50,20250602
다사60254925,960375,1949375,다사58254750,958375,1947625,11200650,11680545,10,11,내국인,6,2546,63,0.00,0.00,0.00,0.00,0.00,0.00,0.00,0.00,0.00,0.00,0.00,0.00,0.00,0.00,0.00,0.00,0.00,0.00,0.00,0.00,0.00,0.00,0.00,0.00,0.00,0.00,0.00,0.00,0.00,0.00,3.27,0.00,0.00,0.00,3.27,20250602
다사60753825,960875,1938375,다사62754275,962875,1942875,11650660,11680720,12,12,내국인,8,4854,16,0.00,0.00,0.00,0.00,0.00,0.00,0.00,0.00,0.00,0.00,0.00,0.00,0.00,0.00,0.00,0.00,0.00,0.00,0.00,0.00,0.00,0.00,0.00,0.00,3.26,0.00,0.00,0.00,0.00,0.00,0.00,0.00,0.00,0.00,3.26,20250602
다사61004600,961125,1946125,다사22753350,922875,1933625,11680580,28185850,11,12,내국인,8,40162,90,0.00,0.00,0.00,0.00,0.00,0.00,2.69,0.00,0.00,0.00,0.00,0.00,0.00,0.00,0.00,0.00,0.00,0.00,0.00,0.00,0.00,0.00,0.00,0.00,0.00,0.00,0.00,0.00,0.00,0.00,0.00,0.00,0.00,0.00,2.69,20250602
다사60257125,960375,1971375,다사60507125,960625,1971375,41150510,41150510,01,01,내국인,7,250,1,0.00,0.00,0.00,0.00,0.00,0.00,0.00,0.00,0.00,0.00,0.00,0.00,0.00,0.00,0.00,0.00,0.00,0.00,0.00,0.00,0.00,0.00,0.00,0.00,2.61,0.00,0.00,0.00,0.00,0.00,0.00,0.00,0.00,0.00,2.61,20250602
다사60255075,960375,1950875,다사58755125,958875,1951375,11200550,11200560,1940,20,내국인,7,1634,53,0.00,0.00,0.00,0.00,4.34,0.00,0.00,0.00,0.00,0.00,0.00,0.00,0.00,0.00,0.00,0.00,0.00,0.00,0.00,0.00,0.00,0.00,0.00,0.00,0.00,0.00,0.00,0.00,0.00,0.00,0.00,0.00,0.00,0.00,4.34,20250602
다사60505525,960625,1955375,다사66006150,966125,1961625,11230740,41360570,1720,1720,내국인,8,8113,1,0.00,0.00,0.00,0.00,0.00,0.00,0.00,0.00,0.00,0.00,0.00,0.00,0.00,0.00,0.00,0.00,0.00,0.00,0.00,0.00,0.00,2.69,0.00,0.00,0.00,0.00,0.00,0.00,0.00,0.00,0.00,0.00,0.00,0.00,2.69,20250602
다사61004525,961125,1945375,다사60255025,960375,1950375,11680610,11200660,21,22,내국인,6,4883,48,0.00,0.00,0.00,0.00,0.00,0.00,0.00,0.00,0.00,0.00,0.00,0.00,0.00,0.00,0.00,0.00,0.00,0.00,0.00,0.00,0.00,2.54,0.00,0.00,0.00,0.00,0.00,0.00,0.00,0.00,0.00,0.00,0.00,0.00,2.54,20250602
다사61001825,961125,1918375,다사51502000,951625,1920125,41117550,41113662,11,12,내국인,5,9610,60,0.00,0.00,0.00,0.00,0.00,0.00,0.00,0.00,0.00,0.00,0.00,0.00,5.78,0.00,0.00,0.00,0.00,0.00,0.00,0.00,0.00,0.00,0.00,0.00,0.00,0.00,0.00,0.00,0.00,0.00,0.00,0.00,0.00,0.00,5.78,20250602
다사60756325,960875,1963375,다사63005750,963125,1957625,11350700,11260620,0740,0800,내국인,6,6323,27,0.00,0.00,0.00,0.00,0.00,0.00,0.00,0.00,0.00,0.00,0.00,0.00,0.00,0.00,0.00,0.00,0.00,0.00,0.00,0.00,0.00,0.00,0.00,0.00,0.00,0.00,0.00,2.88,0.00,0.00,0.00,0.00,0.00,0.00,2.88,20250602
다사60754375,960875,1943875,다사64754175,964875,1941875,11680600,11680700,1840,1940,내국인,6,4516,52,0.00,0.00,0.00,0.00,0.00,0.00,2.80,0.00,0.00,0.00,0.00,0.00,0.00,0.00,0.00,0.00,0.00,0.00,0.00,0.00,0.00,0.00,0.00,0.00,0.00,0.00,0.00,0.00,0.00,0.00,0.00,0.00,0.00,0.00,2.80,20250602
다사60255375,960375,1953875,다사62255250,962375,1952625,11230560,11230660,1700,1740,내국인,9,2441,31,0.00,0.00,0.00,0.00,0.00,0.00,0.00,0.00,2.88,0.00,0.00,0.00,0.00,0.00,0.00,0.00,0.00,0.00,0.00,0.00,0.00,0.00,0.00,0.00,0.00,0.00,0.00,0.00,0.00,0.00,0.00,0.00,0.00,0.00,2.88,20250602
다사60505825,960625,1958375,다사82255975,982375,1959875,11350560,41360256,1940,20,내국인,8,21862,51,0.00,0.00,0.00,0.00,0.00,0.00,0.00,0.00,0.00,0.00,0.00,0.00,0.00,0.00,0.00,0.00,0.00,0.00,0.00,0.00,0.00,0.00,2.52,0.00,0.00,0.00,0.00,0.00,0.00,0.00,0.00,0.00,0.00,0.00,2.52,20250602
다사60508800,960625,1988125,다사60508950,960625,1989625,41250566,41250535,1920,1920,내국인,5,1656,7,0.00,0.00,0.00,0.00,0.00,0.00,0.00,0.00,0.00,0.00,2.87,0.00,0.00,0.00,0.00,0.00,0.00,0.00,0.00,0.00,0.00,0.00,0.00,0.00,0.00,0.00,0.00,0.00,0.00,0.00,0.00,0.00,0.00,0.00,2.87,20250602
다사60501625,960625,1916375,다사62251675,962375,1916875,41117580,41117585,21,22,내국인,7,1820,21,0.00,0.00,0.00,0.00,0.00,0.00,0.00,0.00,3.08,0.00,0.00,0.00,0.00,0.00,0.00,0.00,0.00,0.00,0.00,0.00,0.00,0.00,0.00,0.00,0.00,0.00,0.00,0.00,0.00,0.00,0.00,0.00,0.00,0.00,3.08,20250602
다사60756250,960875,1962625,다사62755475,962875,1954875,11350700,11260520,22,22,내국인,6,8137,22,0.00,0.00,0.00,0.00,0.00,0.00,0.00,0.00,0.00,0.00,0.00,0.00,0.00,0.00,0.00,0.00,0.00,0.00,0.00,0.00,0.00,0.00,0.00,2.83,0.00,0.00,0.00,0.00,0.00,0.00,0.00,0.00,0.00,0.00,2.83,20250602
다사60508850,960625,1988625,다사60758825,960875,1988375,41250520,41250566,22,23,내국인,7,269,50,0.00,0.00,0.00,0.00,0.00,0.00,0.00,0.00,0.00,0.00,3.29,0.00,0.00,0.00,0.00,0.00,0.00,0.00,0.00,0.00,0.00,0.00,0.00,0.00,0.00,0.00,0.00,0.00,0.00,0.00,0.00,0.00,0.00,0.00,3.29,20250602
다사60754525,960875,1945375,다사44754800,944875,1948125,11680630,11470550,1940,20,내국인,8,16171,33,0.00,0.00,0.00,0.00,0.00,0.00,0.00,3.47,0.00,0.00,0.00,0.00,0.00,0.00,0.00,0.00,0.00,0.00,0.00,0.00,0.00,0.00,0.00,0.00,0.00,0.00,0.00,0.00,0.00,0.00,0.00,0.00,0.00,0.00,3.47,20250602
다사61001925,961125,1919375,다사59752175,959875,1921875,41117550,41117600,15,16,내국인,7,2863,70,0.00,0.00,0.00,0.00,3.50,0.00,0.00,0.00,0.00,0.00,0.00,0.00,0.00,0.00,0.00,0.00,0.00,0.00,0.00,0.00,0.00,0.00,0.00,0.00,0.00,0.00,0.00,0.00,0.00,0.00,0.00,0.00,0.00,0.00,3.50,20250602
다사61001650,961125,1916625,다사59001775,959125,1917875,41117580,41115730,11,11,내국인,8,2470,17,0.00,0.00,0.00,0.00,0.00,0.00,0.00,0.00,0.00,0.00,0.00,0.00,0.00,0.00,0.00,0.00,0.00,0.00,0.00,0.00,0.00,0.00,0.00,0.00,0.00,0.00,0.00,0.00,0.00,2.93,0.00,0.00,0.00,0.00,2.93,20250602
다사60255175,960375,1951875,다사60755200,960875,1952125,11200790,11230600,1940,1940,내국인,7,412,10,0.00,0.00,0.00,0.00,0.00,0.00,0.00,0.00,0.00,0.00,0.00,0.00,0.00,0.00,0.00,4.21,0.00,0.00,0.00,0.00,0.00,0.00,0.00,0.00,0.00,0.00,0.00,0.00,0.00,0.00,0.00,0.00,0.00,0.00,4.21,20250602
다사60258025,960375,1980375,다사59758100,959875,1981125,41630540,41630540,00,00,내국인,7,813,8,0.00,0.00,0.00,0.00,0.00,0.00,0.00,0.00,0.00,0.00,0.00,0.00,0.00,0.00,0.00,0.00,0.00,0.00,0.00,0.00,0.00,0.00,0.00,0.00,0.00,3.78,0.00,0.00,0.00,0.00,0.00,0.00,0.00,0.00,3.78,20250602
다사60501625,960625,1916375,다사61751400,961875,1914125,41117580,41590550,0900,0900,내국인,8,2685,0,0.00,0.00,0.00,0.00,0.00,2.93,0.00,0.00,0.00,0.00,0.00,0.00,0.00,0.00,0.00,0.00,0.00,0.00,0.00,0.00,0.00,0.00,0.00,0.00,0.00,0.00,0.00,0.00,0.00,0.00,0.00,0.00,0.00,0.00,2.93,20250602
다사60755725,960875,1957375,다사61255850,961375,1958625,11290770,11350580,16,16,내국인,5,1498,20,0.00,0.00,0.00,0.00,0.00,0.00,0.00,0.00,0.00,0.00,0.00,0.00,0.00,0.00,0.00,0.00,0.00,0.00,0.00,0.00,0.00,0.00,2.63,0.00,0.00,0.00,0.00,0.00,0.00,0.00,0.00,0.00,0.00,0.00,2.63,20250602
다사60754400,960875,1944125,다사61254975,961375,1949875,11680600,11200690,22,22,내국인,6,5608,33,0.00,0.00,0.00,3.91,0.00,0.00,0.00,0.00,0.00,0.00,0.00,0.00,0.00,0.00,0.00,0.00,0.00,0.00,0.00,0.00,0.00,0.00,0.00,0.00,0.00,0.00,0.00,0.00,0.00,0.00,0.00,0.00,0.00,0.00,3.91,20250602
다사60755300,960875,1953125,다사61255300,961375,1953125,11230560,11230570,1800,21,내국인,7,450,191,0.00,0.00,0.00,0.00,0.00,0.00,0.00,0.00,0.00,0.00,0.00,0.00,0.00,0.00,0.00,0.00,0.00,0.00,0.00,0.00,0.00,0.00,0.00,0.00,0.00,0.00,3.20,0.00,0.00,0.00,0.00,0.00,0.00,0.00,3.20,20250602
다사60756025,960875,1960375,다사62505775,962625,1957875,11350695,11350595,14,15,내국인,6,3162,89,0.00,0.00,0.00,0.00,0.00,0.00,0.00,0.00,0.00,0.00,0.00,0.00,0.00,0.00,3.65,0.00,0.00,0.00,0.00,0.00,0.00,0.00,0.00,0.00,0.00,0.00,0.00,0.00,0.00,0.00,0.00,0.00,0.00,0.00,3.65,20250602
다사61004400,961125,1944125,다사61254450,961375,1944625,11680600,11680610,12,13,내국인,7,514,20,0.00,0.00,0.00,0.00,0.00,0.00,0.00,0.00,0.00,0.00,0.00,0.00,0.00,0.00,0.00,0.00,0.00,0.00,0.00,0.00,0.00,0.00,0.00,0.00,0.00,0.00,0.00,3.14,0.00,0.00,0.00,0.00,0.00,0.00,3.14,20250602
다사60754925,960875,1949375,다사66504300,966625,1943125,11200690,11710642,0800,0840,내국인,6,8495,38,0.00,0.00,0.00,0.00,0.00,0.00,0.00,0.00,0.00,0.00,0.00,0.00,0.00,0.00,0.00,0.00,0.00,0.00,0.00,0.00,0.00,0.00,0.00,0.00,0.00,1.57,0.00,0.00,0.00,0.00,0.00,0.00,0.00,0.00,1.57,20250602
다사60255650,960375,1956625,다사60255650,960375,1956625,11290770,11290770,1800,1900,내국인,8,0,53,0.00,0.00,0.00,0.00,0.00,0.00,3.50,0.00,0.00,0.00,0.00,0.00,0.00,0.00,0.00,0.00,0.00,0.00,0.00,0.00,0.00,0.00,0.00,0.00,0.00,0.00,0.00,0.00,0.00,0.00,0.00,0.00,0.00,0.00,3.50,20250602
다사61255750,961375,1957625,다사70755650,970875,1956625,11350560,41360565,1920,20,내국인,6,9625,53,0.00,0.00,0.00,0.00,2.67,0.00,0.00,0.00,0.00,0.00,0.00,0.00,0.00,0.00,0.00,0.00,0.00,0.00,0.00,0.00,0.00,0.00,0.00,0.00,0.00,0.00,0.00,0.00,0.00,0.00,0.00,0.00,0.00,0.00,2.67,20250602
다사61502200,961625,1922125,다사61502200,961625,1922125,41465585,41465585,0800,0940,내국인,8,0,94,0.00,0.00,0.00,0.00,0.00,0.00,0.00,0.00,0.00,0.00,0.00,0.00,0.00,0.00,0.00,0.00,0.00,0.00,0.00,0.00,0.00,0.00,0.00,3.34,0.00,0.00,0.00,0.00,0.00,0.00,0.00,0.00,0.00,0.00,3.34,20250602
다사61754925,961875,1949375,다사56254375,956375,1943875,11215710,11650530,0900,0940,내국인,6,7708,33,0.00,0.00,0.00,0.00,0.00,0.00,0.00,0.00,0.00,0.00,0.00,0.00,0.00,0.00,0.00,0.00,0.00,0.00,0.00,0.00,0.00,0.00,2.61,0.00,0.00,0.00,0.00,0.00,0.00,0.00,0.00,0.00,0.00,0.00,2.61,20250602
다사61004875,961125,1948875,다사61004875,961125,1948875,11200670,11200670,13,15,내국인,8,33,125,0.00,0.00,0.00,0.00,0.00,0.00,0.00,0.00,0.00,0.00,2.86,0.00,3.66,0.00,0.00,0.00,0.00,0.00,0.00,0.00,0.00,0.00,0.00,0.00,0.00,0.00,0.00,2.42,0.00,0.00,0.00,0.00,0.00,0.00,8.94,20250602
다사61256325,961375,1963375,다사60256150,960375,1961625,11350710,11320514,0840,0920,내국인,6,1860,25,0.00,0.00,0.00,0.00,0.00,0.00,0.00,0.00,0.00,0.00,0.00,0.00,0.00,0.00,0.00,0.00,0.00,0.00,0.00,0.00,0.00,0.00,0.00,0.00,0.00,2.91,0.00,0.00,0.00,0.00,0.00,0.00,0.00,0.00,2.91,20250602
다사61254925,961375,1949375,다사51005075,951125,1950875,11200690,11440600,1700,1740,내국인,6,10309,33,0.00,0.00,0.00,0.00,0.00,1.84,0.00,0.00,0.00,0.00,0.00,0.00,0.00,0.00,0.00,0.00,0.00,0.00,0.00,0.00,0.00,0.00,0.00,0.00,0.00,0.00,0.00,0.00,0.00,0.00,0.00,0.00,0.00,0.00,1.84,20250602
다사61254975,961375,1949875,다사60751800,960875,1918125,11200690,41117530,06,0820,내국인,6,31752,104,0.00,0.00,0.00,0.00,1.40,0.00,0.00,0.00,0.00,0.00,0.00,0.00,0.00,0.00,0.00,0.00,0.00,0.00,0.00,0.00,0.00,0.00,0.00,0.00,0.00,0.00,0.00,0.00,0.00,0.00,0.00,0.00,0.00,0.00,1.40,20250602
다사61505125,961625,1951375,다사59255075,959375,1950875,11230650,11200550,22,22,내국인,5,2304,32,0.00,0.00,0.00,0.00,2.72,0.00,0.00,0.00,0.00,0.00,0.00,0.00,0.00,0.00,0.00,0.00,0.00,0.00,0.00,0.00,0.00,0.00,0.00,0.00,0.00,0.00,0.00,0.00,0.00,0.00,0.00,0.00,0.00,0.00,2.72,20250602
다사61251675,961375,1916875,다사60501775,960625,1917875,41117585,41117530,10,11,내국인,7,1171,26,0.00,0.00,0.00,0.00,0.00,0.00,0.00,0.00,0.00,0.00,0.00,0.00,0.00,0.00,0.00,0.00,0.00,0.00,0.00,0.00,0.00,0.00,2.62,0.00,0.00,0.00,0.00,0.00,0.00,0.00,0.00,0.00,0.00,0.00,2.62,20250602
다사61005200,961125,1952125,다사53005250,953125,1952625,11230610,11110530,0740,0840,내국인,6,8018,60,0.00,0.00,0.00,0.00,0.00,3.72,0.00,0.00,0.00,0.00,0.00,0.00,0.00,0.00,0.00,0.00,0.00,0.00,0.00,0.00,0.00,0.00,0.00,0.00,0.00,0.00,0.00,0.00,0.00,0.00,0.00,0.00,0.00,0.00,3.72,20250602
다사61256050,961375,1960625,다사62756275,962875,1962875,11350625,11350665,16,16,내국인,9,2523,18,0.00,0.00,0.00,0.00,0.00,0.00,0.00,0.00,0.00,0.00,0.00,0.00,0.00,0.00,0.00,0.00,0.00,0.00,0.00,0.00,0.00,0.00,0.00,3.25,0.00,0.00,0.00,0.00,0.00,0.00,0.00,0.00,0.00,0.00,3.25,20250602
다사61752400,961875,1924125,다사61752400,961875,1924125,41465590,41465590,11,1720,내국인,9,0,360,0.00,0.00,0.00,0.00,3.93,0.00,0.00,0.00,0.00,0.00,0.00,0.00,0.00,0.00,0.00,0.00,0.00,0.00,0.00,0.00,0.00,0.00,0.00,0.00,0.00,0.00,0.00,0.00,0.00,0.00,0.00,0.00,0.00,0.00,3.93,20250602
다사61755375,961875,1953875,다사64254475,964375,1944875,11230730,11710600,06,0740,내국인,8,9485,83,0.00,0.00,0.00,0.00,0.00,0.00,3.40,0.00,0.00,0.00,0.00,0.00,0.00,0.00,0.00,0.00,0.00,0.00,0.00,0.00,0.00,0.00,0.00,0.00,0.00,0.00,0.00,0.00,0.00,0.00,0.00,0.00,0.00,0.00,3.40,20250602
다사61755425,961875,1954375,다사61755425,961875,1954375,11230730,11230730,06,06,내국인,7,0,33,0.00,0.00,0.00,0.00,0.00,0.00,0.00,0.00,0.00,0.00,0.00,3.07,0.00,0.00,0.00,0.00,0.00,0.00,0.00,0.00,0.00,0.00,0.00,0.00,0.00,0.00,0.00,0.00,0.00,0.00,0.00,0.00,0.00,0.00,3.07,20250602
다사61505200,961625,1952125,다사58254450,958375,1944625,11230650,11680640,1700,1820,내국인,6,8148,74,0.00,0.00,0.00,0.00,0.00,0.00,0.00,0.00,0.00,0.00,0.00,0.00,0.00,0.00,0.00,0.00,0.00,0.00,0.00,0.00,0.00,2.93,0.00,0.00,0.00,0.00,0.00,0.00,0.00,0.00,0.00,0.00,0.00,0.00,2.93,20250602
다사61256200,961375,1962125,다사61256200,961375,1962125,11350720,11350640,22,22,내국인,7,164,6,0.00,0.00,0.00,0.00,0.00,0.00,0.00,0.00,0.00,0.00,0.00,0.00,0.00,0.00,0.00,0.00,0.00,0.00,0.00,0.00,0.00,0.00,0.00,0.00,0.00,2.91,0.00,2.11,0.00,4.29,0.00,0.00,0.00,0.00,9.31,20250602
다사61257000,961375,1970125,다아62000250,962125,2002625,41150567,41800253,22,23,내국인,8,32454,46,0.00,0.00,0.00,0.00,0.00,0.00,0.00,0.00,0.00,0.00,0.00,0.00,0.00,0.00,0.00,0.00,0.00,0.00,0.00,0.00,0.00,0.00,0.00,0.00,0.00,3.16,0.00,0.00,0.00,0.00,0.00,0.00,0.00,0.00,3.16,20250602
다사61254525,961375,1945375,다사47504275,947625,1942875,11680610,11620725,1720,1800,내국인,6,13827,36,0.00,0.00,0.00,0.00,0.00,0.00,0.00,0.00,0.00,0.00,0.00,0.00,0.00,0.00,0.00,0.00,0.00,0.00,0.00,0.00,0.00,2.62,0.00,0.00,0.00,0.00,0.00,0.00,0.00,0.00,0.00,0.00,0.00,0.00,2.62,20250602
다사61504550,961625,1945625,다사58005300,958125,1953125,11680610,11230536,1700,1740,내국인,6,8318,47,0.00,0.00,0.00,0.00,0.00,0.00,0.00,0.00,0.00,0.00,0.00,2.48,0.00,0.00,0.00,0.00,0.00,0.00,0.00,0.00,0.00,0.00,0.00,0.00,0.00,0.00,0.00,0.00,0.00,0.00,0.00,0.00,0.00,0.00,2.48,20250602
다사61754525,961875,1945375,다사64254475,964375,1944875,11680610,11710600,1700,1700,내국인,5,2638,7,0.00,0.00,0.00,0.00,0.00,0.00,0.00,0.00,0.00,0.00,1.86,0.00,0.00,0.00,0.00,0.00,0.00,0.00,0.00,0.00,0.00,0.00,0.00,0.00,0.00,0.00,0.00,0.00,0.00,0.00,0.00,0.00,0.00,0.00,1.86,20250602
다사61005150,961125,1951625,다사61005150,961125,1951625,11230650,11230650,0940,13,내국인,8,0,205,0.00,0.00,0.00,0.00,0.00,0.00,0.00,0.00,0.00,0.00,0.00,0.00,0.00,0.00,0.00,0.00,0.00,0.00,0.00,0.00,0.00,0.00,0.00,0.00,0.00,0.00,0.00,0.00,3.63,0.00,0.00,0.00,0.00,0.00,3.63,20250602
다사61005650,961125,1956625,다사63005725,963125,1957375,11290810,11260620,12,14,내국인,7,1996,119,0.00,0.00,0.00,0.00,0.00,0.00,0.00,0.00,0.00,0.00,0.00,0.00,0.00,0.00,0.00,0.00,0.00,0.00,0.00,0.00,0.00,0.00,0.00,0.00,0.00,0.00,0.00,0.00,0.00,0.00,3.52,0.00,0.00,0.00,3.52,20250602
다사61505500,961625,1955125,다사57505875,957625,1958875,11230720,11305534,1700,1740,내국인,6,5515,41,0.00,0.00,0.00,0.00,0.00,0.00,0.00,3.61,0.00,0.00,0.00,0.00,0.00,0.00,0.00,0.00,0.00,0.00,0.00,0.00,0.00,0.00,0.00,0.00,0.00,0.00,0.00,0.00,0.00,0.00,0.00,0.00,0.00,0.00,3.61,20250602
다사61754900,961875,1949125,다사63004825,963125,1948375,11215710,11215820,12,13,내국인,9,1511,52,0.00,0.00,0.00,0.00,0.00,0.00,0.00,0.00,0.00,0.00,0.00,0.00,0.00,0.00,0.00,0.00,0.00,0.00,0.00,0.00,0.00,0.00,0.00,1.38,0.00,0.00,0.00,0.00,0.00,0.00,0.00,0.00,0.00,0.00,1.38,20250602
다사61755150,961875,1951625,다사61755125,961875,1951375,11230650,11230650,13,13,내국인,7,206,24,0.00,0.00,0.00,0.00,0.00,0.00,0.00,3.59,0.00,0.00,0.00,0.00,0.00,0.00,0.00,0.00,0.00,0.00,0.00,0.00,0.00,0.00,0.00,0.00,0.00,0.00,0.00,0.00,0.00,0.00,0.00,0.00,0.00,0.00,3.59,20250602
다사61504950,961625,1949625,다사61504950,961625,1949625,11200690,11200690,0700,21,내국인,9,0,844,0.00,0.00,0.00,0.00,0.00,0.00,0.00,0.00,0.00,0.00,0.00,0.00,0.00,0.00,0.00,0.00,0.00,0.00,0.00,0.00,0.00,0.00,0.00,0.00,0.00,1.57,0.00,0.00,0.00,0.00,0.00,0.00,0.00,0.00,1.57,20250602
다사61250700,961375,1907125,다바52259750,952375,1897625,41370546,41590400,22,22,내국인,8,13266,28,0.00,0.00,0.00,0.00,0.00,0.00,0.00,0.00,0.00,0.00,0.00,0.00,0.00,0.00,0.00,0.00,0.00,0.00,0.00,0.00,0.00,0.00,0.00,0.00,0.00,0.00,0.00,0.00,0.00,0.00,2.92,0.00,0.00,0.00,2.92,20250602
다사61751900,961875,1919125,다사61751950,961875,1919625,41463516,41463516,0820,0900,내국인,9,502,29,0.00,0.00,0.00,0.00,0.00,0.00,0.00,0.00,0.00,0.00,0.00,0.00,0.00,0.00,0.00,0.00,0.00,0.00,0.00,0.00,0.00,0.00,0.00,0.00,3.37,0.00,0.00,0.00,0.00,0.00,0.00,0.00,0.00,0.00,3.37,20250602
다사61005825,961125,1958375,다사59255950,959375,1959625,11350560,11320513,1920,20,내국인,5,2250,75,0.00,0.00,4.50,0.00,0.00,0.00,0.00,0.00,0.00,0.00,0.00,0.00,0.00,0.00,0.00,0.00,0.00,0.00,0.00,0.00,0.00,0.00,0.00,0.00,0.00,0.00,0.00,0.00,0.00,0.00,0.00,0.00,0.00,0.00,4.50,20250602
다사61754425,961875,1944375,다사58004425,958125,1944375,11680610,11650520,11,12,내국인,5,3905,49,0.00,0.00,0.00,0.00,0.00,0.00,0.00,0.00,0.00,0.00,0.00,0.00,0.00,0.00,0.00,0.00,0.00,0.00,0.00,0.00,0.00,0.00,0.00,0.00,0.00,0.00,0.00,0.00,0.00,0.00,0.00,4.04,0.00,0.00,4.04,20250602
다사61751400,961875,1914125,다사62001200,962125,1912125,41590550,41590585,1800,23,내국인,8,2109,291,0.00,0.00,0.00,0.00,0.00,0.00,0.00,0.00,0.00,0.00,0.00,0.00,0.00,0.00,0.00,0.00,0.00,0.00,0.00,0.00,0.00,2.38,0.00,0.00,0.00,0.00,0.00,0.00,0.00,0.00,0.00,0.00,0.00,0.00,2.38,20250602
다사61755900,961875,1959125,다사61756200,961875,1962125,11350595,11350640,0700,0800,내국인,5,3100,59,0.00,0.00,0.00,0.00,0.00,0.00,0.00,0.00,0.00,0.00,0.00,0.00,0.00,0.00,0.00,0.00,0.00,0.00,0.00,0.00,0.00,0.00,0.00,0.00,3.26,0.00,0.00,0.00,0.00,0.00,0.00,0.00,0.00,0.00,3.26,20250602
다사61755700,961875,1957125,다사61505700,961625,1957125,11290810,11290810,0720,20,내국인,7,250,806,0.00,0.00,0.00,0.00,0.00,0.00,0.00,0.00,0.00,0.00,0.00,0.00,0.00,0.00,0.00,0.00,0.00,0.00,0.00,0.00,0.00,0.00,0.00,0.00,0.00,0.00,3.86,0.00,0.00,0.00,0.00,0.00,0.00,0.00,3.86,20250602
다사61505125,961625,1951375,다사56005375,956125,1953875,11230650,11110650,1940,21,내국인,9,6087,94,0.00,0.00,0.00,0.00,0.00,0.00,0.00,0.00,0.00,0.00,0.00,0.00,0.00,0.00,0.00,0.00,0.00,0.00,0.00,0.00,0.00,2.27,0.00,0.00,0.00,0.00,0.00,0.00,0.00,0.00,0.00,0.00,0.00,0.00,2.27,20250602
다사61254275,961375,1942875,다사57754475,957875,1944875,11680670,11650531,0900,0940,내국인,5,4031,40,0.00,0.00,0.00,0.00,0.00,0.00,0.00,0.00,0.00,0.00,0.00,0.00,0.00,0.00,0.00,0.00,0.00,0.00,0.00,0.00,0.00,0.00,0.00,0.00,3.59,0.00,0.00,0.00,0.00,0.00,0.00,0.00,0.00,0.00,3.59,20250602
다사61008775,961125,1987875,다사60758950,960875,1989625,41250565,41250535,0940,10,내국인,5,1649,32,0.00,0.00,0.00,0.00,0.00,0.00,0.00,0.00,0.00,0.00,0.00,0.00,0.00,0.00,0.00,0.00,0.00,0.00,0.00,0.00,0.00,0.00,0.00,0.00,0.00,0.00,0.00,3.06,0.00,0.00,0.00,0.00,0.00,0.00,3.06,20250602
다사61254375,961375,1943875,다사62004275,962125,1942875,11680600,11680670,10,10,내국인,8,1290,9,0.00,0.00,0.00,0.00,0.00,0.00,0.00,0.00,0.00,0.00,0.00,0.00,0.00,0.00,0.00,0.00,0.00,0.00,0.00,0.00,0.00,0.00,0.00,0.00,0.00,0.00,0.00,3.55,0.00,0.00,0.00,0.00,0.00,0.00,3.55,20250602
다사61254525,961375,1945375,다사61254525,961375,1945375,11680610,11680610,10,10,내국인,7,0,20,0.00,0.00,0.00,0.00,0.00,0.00,0.00,0.00,3.39,0.00,0.00,0.00,0.00,0.00,0.00,0.00,0.00,0.00,0.00,0.00,0.00,0.00,0.00,0.00,0.00,0.00,3.59,0.00,0.00,0.00,0.00,0.00,0.00,0.00,6.99,20250602
다사61004625,961125,1946375,다사61504575,961625,1945875,11680580,11680580,20,20,내국인,7,640,1,0.00,0.00,0.00,0.00,0.00,0.00,0.00,0.00,0.00,0.00,0.00,0.00,0.00,0.00,0.00,0.00,0.00,0.00,0.00,0.00,0.00,0.00,0.00,2.41,0.00,0.00,0.00,0.00,0.00,3.10,0.00,0.00,0.00,0.00,5.51,20250602
다사61005900,961125,1959125,다사61505600,961625,1956125,11350580,11230750,0720,0800,내국인,9,2877,34,0.00,0.00,0.00,0.00,0.00,0.00,0.00,0.00,0.00,0.00,0.00,0.00,0.00,0.00,0.00,0.00,0.00,0.00,0.00,0.00,0.00,0.00,0.00,0.00,0.00,0.00,0.00,0.00,3.02,0.00,0.00,0.00,0.00,0.00,3.02,20250602
다사61507200,961625,1972125,다사61507200,961625,1972125,41150568,41150568,02,1720,내국인,7,0,934,0.00,0.00,0.00,0.00,0.00,0.00,0.00,0.00,0.00,0.00,0.00,0.00,0.00,0.00,0.00,0.00,0.00,0.00,4.50,0.00,0.00,0.00,0.00,0.00,0.00,0.00,0.00,0.00,0.00,0.00,0.00,0.00,0.00,0.00,4.50,20250602
다사61005500,961125,1955125,다사58254175,958375,1941875,11230740,11650651,20,20,내국인,8,13630,41,0.00,0.00,0.00,0.00,0.00,0.00,0.00,0.00,0.00,0.00,0.00,0.00,0.00,0.00,0.00,0.00,0.00,0.00,0.00,0.00,0.00,0.00,0.00,0.00,0.00,0.00,3.34,0.00,0.00,0.00,0.00,0.00,0.00,0.00,3.34,20250602
다사61505475,961625,1954875,다사62005575,962125,1955875,11230720,11230750,10,11,내국인,7,1320,9,0.00,0.00,0.00,0.00,0.00,0.00,0.00,0.00,0.00,0.00,0.00,0.00,0.00,0.00,0.00,0.00,0.00,0.00,0.00,0.00,0.00,0.00,0.00,0.00,0.00,0.00,0.00,0.00,0.00,0.00,0.00,3.51,0.00,0.00,3.51,20250602
다사61504850,961625,1948625,다사62254800,962375,1948125,11215847,11215840,22,23,내국인,7,961,42,0.00,0.00,0.00,0.00,0.00,0.00,0.00,0.00,0.00,0.00,0.00,0.00,3.17,0.00,0.00,0.00,0.00,0.00,0.00,0.00,0.00,0.00,0.00,0.00,0.00,0.00,0.00,0.00,0.00,0.00,0.00,0.00,0.00,0.00,3.17,20250602
다사61504550,961625,1945625,다사69503975,969625,1939875,11680610,41131600,1740,1840,내국인,6,9690,67,0.00,0.00,0.00,0.00,0.00,0.00,0.00,0.00,0.00,0.00,0.00,0.00,0.00,0.00,0.00,0.00,0.00,0.00,0.00,0.00,0.00,0.00,1.30,0.00,0.00,0.00,0.00,0.00,0.00,0.00,0.00,0.00,0.00,0.00,1.30,20250602
다사61255825,961375,1958375,다사62255275,962375,1952875,11350560,11230660,0740,0840,내국인,9,5412,48,0.00,0.00,0.00,0.00,0.00,0.00,0.00,0.00,0.00,0.00,3.82,0.00,0.00,0.00,0.00,0.00,0.00,0.00,0.00,0.00,0.00,0.00,0.00,0.00,0.00,0.00,0.00,0.00,0.00,0.00,0.00,0.00,0.00,0.00,3.82,20250602
다사61752950,961875,1929625,다사66502575,966625,1925875,41135680,41465540,12,12,내국인,8,5934,20,0.00,0.00,0.00,0.00,0.00,0.00,0.00,0.00,0.00,0.00,0.00,0.00,0.00,0.00,0.00,0.00,0.00,0.00,0.00,0.00,0.00,0.00,0.00,0.00,2.15,0.00,0.00,0.00,0.00,0.00,0.00,0.00,0.00,0.00,2.15,20250602
다사61754850,961875,1948625,다사54005200,954125,1952125,11215840,11140550,0740,0820,내국인,6,8686,33,0.00,0.00,0.00,0.00,0.00,0.00,0.00,0.00,0.00,0.00,0.00,0.00,0.00,0.00,0.00,0.00,0.00,0.00,0.00,0.00,0.00,0.00,0.00,0.00,0.00,3.11,0.00,0.00,0.00,0.00,0.00,0.00,0.00,0.00,3.11,20250602
다사62001275,962125,1912875,다바59509400,959625,1894125,41590585,41220660,16,1720,내국인,8,19114,56,0.00,0.00,0.00,0.00,0.00,2.83,0.00,0.00,0.00,0.00,0.00,0.00,0.00,0.00,0.00,0.00,0.00,0.00,0.00,0.00,0.00,0.00,0.00,0.00,0.00,0.00,0.00,0.00,0.00,0.00,0.00,0.00,0.00,0.00,2.83,20250602
다사62505375,962625,1953875,다사57005825,957125,1958375,11260550,11305534,15,16,내국인,8,7113,56,0.00,0.00,0.00,0.00,0.00,0.00,0.00,0.00,0.00,3.59,0.00,0.00,0.00,0.00,0.00,0.00,0.00,0.00,0.00,0.00,0.00,0.00,0.00,0.00,0.00,0.00,0.00,0.00,0.00,0.00,0.00,0.00,0.00,0.00,3.59,20250602
다사62251850,962375,1918625,다사65001950,965125,1919625,41463516,41463510,0900,0900,내국인,8,2751,7,0.00,0.00,0.00,0.00,0.00,0.00,0.00,0.00,0.00,0.00,0.00,0.00,1.94,0.00,0.00,0.00,0.00,0.00,0.00,0.00,0.00,0.00,0.00,0.00,0.00,0.00,0.00,0.00,0.00,0.00,0.00,0.00,0.00,0.00,1.94,20250602
다사62002225,962125,1922375,다사63751875,963875,1918875,41465585,41463517,15,15,내국인,8,3935,15,0.00,0.00,0.00,0.00,0.00,0.00,0.00,0.00,0.00,3.37,0.00,0.00,0.00,0.00,0.00,0.00,0.00,0.00,0.00,0.00,0.00,0.00,0.00,0.00,0.00,0.00,0.00,0.00,0.00,0.00,0.00,0.00,0.00,0.00,3.37,20250602
다사62505650,962625,1956625,다사61006150,961125,1961625,11260630,11350695,20,20,내국인,6,5407,17,0.00,0.00,0.00,0.00,0.00,0.00,0.00,0.00,0.00,0.00,0.00,0.00,0.00,0.00,0.00,0.00,0.00,0.00,0.00,0.00,0.00,0.00,0.00,0.00,0.00,0.00,3.40,0.00,0.00,0.00,0.00,0.00,0.00,0.00,3.40,20250602
다사62505800,962625,1958125,다사59756375,959875,1963875,11350595,11320521,0720,0800,내국인,6,6260,37,0.00,0.00,0.00,0.00,0.00,0.00,0.00,0.00,0.00,0.00,0.00,0.00,0.00,0.00,0.00,0.00,0.00,0.00,0.00,0.00,0.00,0.00,0.00,0.00,3.26,0.00,0.00,0.00,0.00,0.00,0.00,0.00,0.00,0.00,3.26,20250602
다사62251400,962375,1914125,다사76751775,976875,1917875,41463550,41461360,14,14,내국인,8,14758,17,0.00,0.00,0.00,0.00,3.68,0.00,0.00,0.00,0.00,0.00,0.00,0.00,0.00,0.00,0.00,0.00,0.00,0.00,0.00,0.00,0.00,0.00,0.00,0.00,0.00,0.00,0.00,0.00,0.00,0.00,0.00,0.00,0.00,0.00,3.68,20250602
다사61756225,961875,1962375,다사61256825,961375,1968375,11350640,41150561,10,11,내국인,8,6020,16,0.00,0.00,0.00,0.00,0.00,0.00,0.00,0.00,0.00,0.00,0.00,0.00,0.00,0.00,0.00,0.00,0.00,0.00,0.00,0.00,0.00,0.00,0.00,0.00,0.00,0.00,0.00,0.00,4.20,0.00,0.00,0.00,0.00,0.00,4.20,20250602
다사62254925,962375,1949375,다사45003575,945125,1935875,11215710,41210655,16,1700,내국인,8,21825,57,0.00,0.00,0.00,0.00,0.00,0.00,0.00,0.00,0.00,3.24,0.00,0.00,0.00,0.00,0.00,0.00,0.00,0.00,0.00,0.00,0.00,0.00,0.00,0.00,0.00,0.00,0.00,0.00,0.00,0.00,0.00,0.00,0.00,0.00,3.24,20250602
다사62002375,962125,1923875,다사64252600,964375,1926125,41465590,41465560,12,12,내국인,8,3114,11,0.00,0.00,0.00,0.00,0.00,0.00,2.53,0.00,0.00,0.00,0.00,0.00,0.00,0.00,0.00,0.00,0.00,0.00,0.00,0.00,0.00,0.00,0.00,0.00,0.00,0.00,0.00,0.00,0.00,0.00,0.00,0.00,0.00,0.00,2.53,20250602
다사62252275,962375,1922875,다사62752375,962875,1923875,41465585,41465590,10,10,내국인,4,1208,36,0.00,0.00,0.00,0.00,0.00,0.00,0.00,0.00,0.00,0.00,0.00,0.00,0.00,0.00,0.00,0.00,0.00,0.00,0.00,0.00,0.00,0.00,2.66,2.92,0.00,0.00,0.00,0.00,0.00,0.00,0.00,0.00,0.00,0.00,5.58,20250602
다사62256250,962375,1962625,다사61506200,961625,1962125,11350670,11350640,23,23,내국인,5,986,14,0.00,0.00,0.00,0.00,0.00,0.00,0.00,0.00,0.00,0.00,0.00,0.00,0.00,0.00,0.00,0.00,0.00,0.00,0.00,0.00,0.00,0.00,0.00,0.00,0.00,0.00,0.00,0.00,0.00,2.33,0.00,0.00,0.00,0.00,2.33,20250602
다사62007225,962125,1972375,다사61507200,961625,1972125,41150568,41150568,11,11,내국인,7,538,8,0.00,0.00,0.00,0.00,0.00,0.00,0.00,0.00,0.00,0.00,0.00,0.00,0.00,0.00,0.00,0.00,0.00,0.00,0.00,0.00,0.00,0.00,0.00,0.00,0.00,0.00,3.67,0.00,0.00,0.00,0.00,0.00,0.00,0.00,3.67,20250602
다사62001725,962125,1917375,다사60001925,960125,1919375,41117585,41117520,13,16,내국인,9,2828,172,0.00,0.00,0.00,0.00,0.00,0.00,0.00,0.00,0.00,0.00,0.00,0.00,0.00,0.00,0.00,0.00,0.00,0.00,0.00,0.00,0.00,0.00,0.00,0.00,2.23,0.00,0.00,0.00,0.00,0.00,0.00,0.00,0.00,0.00,2.23,20250602
다사62754900,962875,1949125,다사65007225,965125,1972375,11215710,41150578,1800,1920,내국인,6,23254,83,0.00,0.00,0.00,0.00,0.00,0.00,0.00,0.00,0.00,0.00,0.00,0.00,0.00,0.00,0.00,0.00,0.00,0.00,0.00,4.25,0.00,0.00,0.00,0.00,0.00,0.00,0.00,0.00,0.00,0.00,0.00,0.00,0.00,0.00,4.25,20250602
다사62000425,962125,1904375,다사62000425,962125,1904375,41370523,41370523,11,16,내국인,8,0,301,0.00,0.00,0.00,0.00,0.00,0.00,0.00,0.00,0.00,0.00,0.00,0.00,0.00,0.00,0.00,0.00,0.00,0.00,0.00,0.00,0.00,0.00,0.00,0.00,0.00,0.00,0.00,3.68,0.00,0.00,0.00,0.00,0.00,0.00,3.68,20250602
다사62251650,962375,1916625,다사62251650,962375,1916625,41117585,41117585,15,16,내국인,7,35,37,0.00,0.00,0.00,3.50,0.00,0.00,0.00,0.00,0.00,0.00,0.00,0.00,0.00,0.00,0.00,0.00,0.00,0.00,0.00,0.00,3.10,0.00,0.00,0.00,0.00,0.00,0.00,0.00,0.00,0.00,0.00,0.00,0.00,0.00,6.60,20250602
다사62256225,962375,1962375,다사64505650,964625,1956625,11350670,11260680,1740,1840,내국인,6,6285,51,0.00,0.00,0.00,0.00,0.00,0.00,0.00,0.00,0.00,0.00,0.00,0.00,0.00,0.00,0.00,0.00,0.00,0.00,0.00,0.00,0.00,0.00,0.00,0.00,0.00,0.00,0.00,0.00,3.25,0.00,0.00,0.00,0.00,0.00,3.25,20250602
다사63752550,963875,1925625,다사68503100,968625,1931125,41465510,41135510,0700,0840,내국인,4,7083,103,0.00,0.00,0.00,0.00,0.00,0.00,0.00,0.00,0.00,0.00,0.00,0.00,0.00,0.00,0.00,0.00,0.00,0.00,0.00,0.00,0.00,0.00,2.11,0.00,0.00,0.00,0.00,0.00,0.00,0.00,0.00,0.00,0.00,0.00,2.11,20250602
다사63257650,963375,1976625,다사48755050,948875,1950625,41630520,11440660,06,0840,내국인,6,29633,116,0.00,0.00,0.00,0.00,0.00,0.00,0.00,3.25,0.00,0.00,0.00,0.00,0.00,0.00,0.00,0.00,0.00,0.00,0.00,0.00,0.00,0.00,0.00,0.00,0.00,0.00,0.00,0.00,0.00,0.00,0.00,0.00,0.00,0.00,3.25,20250602
다사63254800,963375,1948125,다사56254800,956375,1948125,11215830,11170685,23,23,내국인,8,7000,5,0.00,0.00,0.00,0.00,0.00,0.00,0.00,2.94,0.00,0.00,0.00,0.00,0.00,0.00,0.00,0.00,0.00,0.00,0.00,0.00,0.00,0.00,0.00,0.00,0.00,0.00,0.00,0.00,0.00,0.00,0.00,0.00,0.00,0.00,2.94,20250602
다사63255875,963375,1958875,다사61006975,961125,1969875,11350600,41150567,12,13,내국인,6,11325,83,0.00,0.00,0.00,0.00,0.00,0.00,0.00,0.00,2.48,0.00,0.00,0.00,0.00,0.00,0.00,0.00,0.00,0.00,0.00,0.00,0.00,0.00,0.00,0.00,0.00,0.00,0.00,0.00,0.00,0.00,0.00,0.00,0.00,0.00,2.48,20250602
다사63006125,963125,1961375,다사62756150,962875,1961625,11350619,11350619,21,22,내국인,7,320,9,0.00,0.00,0.00,0.00,0.00,0.00,0.00,0.00,3.10,0.00,0.00,0.00,0.00,0.00,0.00,0.00,0.00,0.00,0.00,0.00,0.00,0.00,0.00,0.00,0.00,0.00,0.00,0.00,0.00,0.00,0.00,0.00,0.00,0.00,3.10,20250602
다사63254850,963375,1948625,다사58754425,958875,1944375,11215850,11680640,0900,0920,내국인,6,6081,27,0.00,0.00,0.00,0.00,0.00,3.34,0.00,0.00,0.00,0.00,0.00,0.00,0.00,0.00,0.00,0.00,0.00,0.00,0.00,0.00,0.00,0.00,0.00,0.00,0.00,0.00,0.00,0.00,0.00,0.00,0.00,0.00,0.00,0.00,3.34,20250602
다사63757175,963875,1971875,다사63757175,963875,1971875,41150576,41150576,10,13,내국인,7,0,196,0.00,0.00,0.00,0.00,0.00,0.00,0.00,0.00,0.00,0.00,0.00,0.00,0.00,0.00,0.00,0.00,0.00,0.00,0.00,0.00,0.00,0.00,0.00,0.00,0.00,0.00,0.00,0.00,3.36,0.00,0.00,0.00,0.00,0.00,3.36,20250602
다사63501150,963625,1911625,다사63501175,963625,1911875,41590600,41590600,10,11,내국인,7,291,25,0.00,0.00,0.00,0.00,0.00,0.00,0.00,0.00,0.00,2.86,0.00,0.00,0.00,0.00,0.00,0.00,0.00,0.00,0.00,0.00,0.00,0.00,0.00,0.00,0.00,0.00,0.00,0.00,0.00,0.00,0.00,0.00,0.00,0.00,2.86,20250602
다사63500825,963625,1908375,다사65000900,965125,1909125,41590600,41590600,1820,1940,내국인,8,1767,83,0.00,0.00,0.00,0.00,0.00,0.00,0.00,0.00,2.91,0.00,0.00,0.00,0.00,0.00,0.00,0.00,0.00,0.00,0.00,0.00,0.00,0.00,0.00,0.00,0.00,0.00,0.00,0.00,0.00,0.00,0.00,0.00,0.00,0.00,2.91,20250602
다사63005200,963125,1952125,다사64255325,964375,1953375,11215760,11260575,05,06,내국인,7,1803,25,0.00,0.00,0.00,0.00,0.00,0.00,0.00,0.00,0.00,0.00,0.00,0.00,0.00,0.00,0.00,0.00,0.00,0.00,0.00,0.00,0.00,2.75,0.00,0.00,0.00,0.00,0.00,0.00,0.00,0.00,0.00,0.00,0.00,0.00,2.75,20250602
다사63505750,963625,1957625,다사63505750,963625,1957625,11260620,11260620,14,15,내국인,5,0,41,0.00,0.00,0.00,0.00,0.00,0.00,3.01,0.00,0.00,0.00,0.00,0.00,0.00,0.00,0.00,0.00,0.00,0.00,0.00,0.00,0.00,0.00,0.00,0.00,0.00,0.00,0.00,0.00,0.00,0.00,0.00,0.00,0.00,0.00,3.01,20250602
다사63254600,963375,1946125,다사53255250,953375,1952625,11710670,11110530,06,0800,내국인,6,11843,126,0.00,0.00,0.00,0.00,0.00,0.00,0.00,0.00,0.00,3.45,0.00,0.00,0.00,0.00,0.00,0.00,0.00,0.00,0.00,0.00,0.00,0.00,0.00,0.00,0.00,0.00,0.00,0.00,0.00,0.00,0.00,0.00,0.00,0.00,3.45,20250602
다사63755525,963875,1955375,다사63505550,963625,1955625,11260580,11260580,21,21,내국인,7,269,1,0.00,0.00,0.00,0.00,0.00,0.00,0.00,0.00,0.00,0.00,0.00,0.00,0.00,0.00,0.00,0.00,0.00,0.00,0.00,0.00,0.00,0.00,0.00,0.00,0.00,0.00,0.00,0.00,3.39,0.00,0.00,0.00,0.00,0.00,3.39,20250602
다사63001850,963125,1918625,다사62751875,962875,1918875,41117570,41117570,1700,20,내국인,8,291,221,0.00,0.00,0.00,0.00,0.00,0.00,0.00,0.00,0.00,0.00,0.00,0.00,0.00,0.00,0.00,0.00,0.00,0.00,0.00,0.00,0.00,0.00,0.00,0.00,0.00,0.00,3.47,0.00,0.00,0.00,0.00,0.00,0.00,0.00,3.47,20250602